<?xml version="1.0"?>
<Project Version="1" Minor="7" DIGEST="">
	<TOOL_VERSION Version="2023.1"/>
	<MODE Name="Post-Synthesis"/>
	<SYSTEMINFO BOARD="digilentinc.com:zybo-z7-20:1.1" PART="xc7z020clg400-1" ARCH="zynq" PACKAGE="clg400" DEVICE="7z020" SPEED="-1" LUT="53200" FF="106400" BRAM="140" DSP="220"/>
	<PART Name="xc7z020clg400-1">
		<SSIT IS_SSIT="0"/>
		<NUM_OF_SLRS Value="1"/>
	</PART>
	<HIERARCHY Name="system_wrapper"/>
	<File Type="HW_HANDOFF" Name="system.hwh" src_db="system.hwdef" DESIGN_HIERARCHY="system_i" BD_TYPE="DEFAULT_BD">
	</File>
	<File Type="BDA" Name="system.bda" src_db="system.hwdef">
	</File>
	<File Type="PS_FSBL_INIT" Name="ps7_init.c" src_db="system_processing_system7_0_0.hwdef">
	</File>
	<File Type="PS_FSBL_INIT" Name="ps7_init.h" src_db="system_processing_system7_0_0.hwdef">
	</File>
	<File Type="PS_FSBL_INIT_GPL" Name="ps7_init_gpl.c" src_db="system_processing_system7_0_0.hwdef">
	</File>
	<File Type="PS_FSBL_INIT_GPL" Name="ps7_init_gpl.h" src_db="system_processing_system7_0_0.hwdef">
	</File>
	<File Type="PS_INIT_HELP" Name="ps7_init.html" src_db="system_processing_system7_0_0.hwdef">
	</File>
	<File Type="PS_XMD_INIT" Name="ps7_init.tcl" src_db="system_processing_system7_0_0.hwdef">
	</File>
	<File Type="BIT" Name="system_wrapper.bit" src_db="temp.hdf">
	</File>
	<DRIVERS>
		<DRIVER IP_VLNV="digilentinc.com:ip:MIPI_CSI_2_RX:1.2">
			<File PATH="drivers/MIPI_CSI_2_RX_v1_0/data/MIPI_CSI_2_RX.mdd"/>
			<File PATH="drivers/MIPI_CSI_2_RX_v1_0/data/MIPI_CSI_2_RX.tcl"/>
			<File PATH="drivers/MIPI_CSI_2_RX_v1_0/src/Makefile"/>
			<File PATH="drivers/MIPI_CSI_2_RX_v1_0/src/MIPI_CSI_2_RX.h"/>
			<File PATH="drivers/MIPI_CSI_2_RX_v1_0/src/MIPI_CSI_2_RX.c"/>
			<File PATH="drivers/MIPI_CSI_2_RX_v1_0/src/MIPI_CSI_2_RX_selftest.c"/>
		</DRIVER>
		<DRIVER IP_VLNV="digilentinc.com:ip:MIPI_D_PHY_RX:1.3">
			<File PATH="drivers/MIPI_D_PHY_RX_v1_0/data/MIPI_D_PHY_RX.mdd"/>
			<File PATH="drivers/MIPI_D_PHY_RX_v1_0/data/MIPI_D_PHY_RX.tcl"/>
			<File PATH="drivers/MIPI_D_PHY_RX_v1_0/src/Makefile"/>
			<File PATH="drivers/MIPI_D_PHY_RX_v1_0/src/MIPI_D_PHY_RX.h"/>
			<File PATH="drivers/MIPI_D_PHY_RX_v1_0/src/MIPI_D_PHY_RX.c"/>
			<File PATH="drivers/MIPI_D_PHY_RX_v1_0/src/MIPI_D_PHY_RX_selftest.c"/>
		</DRIVER>
		<DRIVER IP_VLNV="xilinx.com:user:controlIP:1.0">
			<File PATH="drivers/controlIP_v1_0/data/controlIP.mdd"/>
			<File PATH="drivers/controlIP_v1_0/data/controlIP.tcl"/>
			<File PATH="drivers/controlIP_v1_0/src/Makefile"/>
			<File PATH="drivers/controlIP_v1_0/src/controlIP.h"/>
			<File PATH="drivers/controlIP_v1_0/src/controlIP.c"/>
			<File PATH="drivers/controlIP_v1_0/src/controlIP_selftest.c"/>
		</DRIVER>
		<DRIVER IP_VLNV="xilinx.com:user:datamemIP:1.0">
			<File PATH="drivers/datamemIP_v1_0/data/datamemIP.mdd"/>
			<File PATH="drivers/datamemIP_v1_0/data/datamemIP.tcl"/>
			<File PATH="drivers/datamemIP_v1_0/src/Makefile"/>
			<File PATH="drivers/datamemIP_v1_0/src/datamemIP.h"/>
			<File PATH="drivers/datamemIP_v1_0/src/datamemIP.c"/>
			<File PATH="drivers/datamemIP_v1_0/src/datamemIP_selftest.c"/>
		</DRIVER>
		<DRIVER IP_VLNV="xilinx.com:user:instructionmemIP:1.0">
			<File PATH="drivers/instructionmemIP_v1_0/data/instructionmemIP.mdd"/>
			<File PATH="drivers/instructionmemIP_v1_0/data/instructionmemIP.tcl"/>
			<File PATH="drivers/instructionmemIP_v1_0/src/Makefile"/>
			<File PATH="drivers/instructionmemIP_v1_0/src/instructionmemIP.h"/>
			<File PATH="drivers/instructionmemIP_v1_0/src/instructionmemIP.c"/>
			<File PATH="drivers/instructionmemIP_v1_0/src/instructionmemIP_selftest.c"/>
		</DRIVER>
		<DRIVER IP_VLNV="xilinx.com:user:registerIP:1.0">
			<File PATH="drivers/registerIP_v1_0/data/registerIP.mdd"/>
			<File PATH="drivers/registerIP_v1_0/data/registerIP.tcl"/>
			<File PATH="drivers/registerIP_v1_0/src/Makefile"/>
			<File PATH="drivers/registerIP_v1_0/src/registerIP.h"/>
			<File PATH="drivers/registerIP_v1_0/src/registerIP.c"/>
			<File PATH="drivers/registerIP_v1_0/src/registerIP_selftest.c"/>
		</DRIVER>
	</DRIVERS>
	<USEDRESOURCES LUT="17608" FF="14514" BRAM="10" DSP="3"/>
</Project>

